{"cameraMode":{"drawMode":0,"name":"Shaded","section":"Shading Mode"},"sceneLighting":true,"audioPlay":false,"sceneViewState":{"m_AlwaysRefresh":false,"showFog":true,"showSkybox":true,"showFlares":true,"showImageEffects":true,"showParticleSystems":true,"showVisualEffectGraphs":true,"m_FxEnabled":true},"in2DMode":false,"pivot":{"x":-19.852479934692384,"y":-7.2945637702941898,"z":13.235101699829102},"rotation":{"x":-0.15111768245697022,"y":0.037650708109140399,"z":-0.005759797058999538,"w":-0.9877840280532837},"size":12.12435531616211,"orthographic":false}